{"stats":{"minecraft:dropped":{"minecraft:bat_spawn_egg":1},"minecraft:used":{"minecraft:purple_stained_glass":499,"minecraft:amethyst_block":1171,"minecraft:polished_blackstone_bricks":106,"minecraft:gilded_blackstone":13,"minecraft:white_wool":7,"minecraft:glowstone":4,"minecraft:polished_blackstone_brick_slab":20,"minecraft:purple_concrete":288,"minecraft:black_concrete":326,"minecraft:lava_bucket":82,"minecraft:dirt":11,"minecraft:light_gray_stained_glass":89,"minecraft:crying_obsidian":1251,"minecraft:cracked_polished_blackstone_bricks":1,"minecraft:quartz_block":8,"minecraft:magenta_concrete":1,"minecraft:polished_blackstone_brick_stairs":310,"minecraft:stone":149,"minecraft:cobbled_deepslate":238,"minecraft:smooth_quartz":37,"minecraft:cobbled_deepslate_stairs":176,"minecraft:bat_spawn_egg":2,"minecraft:obsidian":854,"minecraft:gray_stained_glass":60},"minecraft:custom":{"minecraft:time_since_rest":301900,"minecraft:crouch_one_cm":14586,"minecraft:sprint_one_cm":14453,"minecraft:play_time":301900,"minecraft:walk_one_cm":137709,"minecraft:sneak_time":13763,"minecraft:drop":1,"minecraft:jump":223,"minecraft:leave_game":3,"minecraft:time_since_death":301900,"minecraft:total_world_time":316153,"minecraft:fly_one_cm":1495688},"minecraft:picked_up":{"minecraft:wheat_seeds":20,"minecraft:crimson_roots":1}},"DataVersion":3218}